id	name	address	zip code	phone	city	country	notes	sid
524	Jared Ely	1003 Qinhuangdao Street	25972	35533115997	Purwakarta	Indonesia	active	1
1	Mary Smith	1913 Hanoi Way	35200	28303384290	Sasebo	Japan	active	1
2	Patricia Johnson	1121 Loja Avenue	17886	838635286649	San Bernardino	United States	active	1
3	Linda Williams	692 Joliet Street	83579	448477190408	Athenai	Greece	active	1
4	Barbara Jones	1566 Inegl Manor	53561	705814003527	Myingyan	Myanmar	active	2
5	Elizabeth Brown	53 Idfu Parkway	42399	10655648674	Nantou	Taiwan	active	1
6	Jennifer Davis	1795 Santiago de Compostela Way	18743	860452626434	Laredo	United States	active	2
7	Maria Miller	900 Santiago de Compostela Parkway	93896	716571220373	Kragujevac	Yugoslavia	active	1
8	Susan Wilson	478 Joliet Way	77948	657282285970	Hamilton	New Zealand	active	2
9	Margaret Moore	613 Korolev Drive	45844	380657522649	Masqat	Oman	active	2
10	Dorothy Taylor	1531 Sal Drive	53628	648856936185	Esfahan	Iran	active	1
11	Lisa Anderson	1542 Tarlac Parkway	1027	635297277345	Sagamihara	Japan	active	2
12	Nancy Thomas	808 Bhopal Manor	10672	465887807014	Yamuna Nagar	India	active	1
13	Karen Jackson	270 Amroha Parkway	29610	695479687538	Osmaniye	Turkey	active	2
14	Betty White	770 Bydgoszcz Avenue	16266	517338314235	Citrus Heights	United States	active	2
15	Helen Harris	419 Iligan Lane	72878	990911107354	Bhopal	India	active	1
16	Sandra Martin	360 Toulouse Parkway	54308	949312333307	Southend-on-Sea	United Kingdom	active	2
17	Donna Thompson	270 Toulon Boulevard	81766	407752414682	Elista	Russian Federation	active	1
18	Carol Garcia	320 Brest Avenue	43331	747791594069	Kaduna	Nigeria	active	2
19	Ruth Martinez	1417 Lancaster Avenue	72192	272572357893	Kimberley	South Africa	active	1
20	Sharon Robinson	1688 Okara Way	21954	144453869132	Mardan	Pakistan	active	2
21	Michelle Clark	262 A Corua (La Corua) Parkway	34418	892775750063	Tangail	Bangladesh	active	1
22	Laura Rodriguez	28 Charlotte Amalie Street	37551	161968374323	Sal	Morocco	active	1
23	Sarah Lewis	1780 Hino Boulevard	7716	902731229323	Liepaja	Latvia	active	2
24	Kimberly Lee	96 Tafuna Way	99865	934730187245	Crdoba	Argentina	active	2
25	Deborah Walker	934 San Felipe de Puerto Plata Street	99780	196495945706	Shikarpur	Pakistan	active	1
26	Jessica Hall	18 Duisburg Boulevard	58327	998009777982	Citt del Vaticano	Holy See (Vatican City State)	active	2
27	Shirley Allen	217 Botshabelo Place	49521	665356572025	Davao	Philippines	active	2
28	Cynthia Young	1425 Shikarpur Manor	65599	678220867005	Munger (Monghyr)	India	active	1
29	Angela Hernandez	786 Aurora Avenue	65750	18461860151	Shimonoseki	Japan	active	2
30	Melissa King	1668 Anpolis Street	50199	525255540978	Lungtan	Taiwan	active	1
31	Brenda Wright	33 Gorontalo Way	30348	745994947458	Kamarhati	India	active	2
32	Amy Lopez	176 Mandaluyong Place	65213	627705991774	Jhansi	India	active	1
33	Anna Hill	127 Purnea (Purnia) Manor	79388	911872220378	Alessandria	Italy	active	2
34	Rebecca Scott	61 Tama Street	94065	708403338270	Kurashiki	Japan	active	2
35	Virginia Green	391 Callao Drive	34021	440512153169	Toulouse	France	active	2
36	Kathleen Adams	334 Munger (Monghyr) Lane	38145	481183273622	Arak	Iran	active	2
37	Pamela Baker	1440 Fukuyama Loop	47929	912257250465	Nanyang	China	active	1
38	Martha Gonzalez	269 Cam Ranh Parkway	34689	489783829737	Chisinau	Moldova	active	1
39	Debra Nelson	306 Antofagasta Place	3989	378318851631	Vila Velha	Brazil	active	1
40	Amanda Carter	671 Graz Street	94399	680768868518	Nador	Morocco	active	2
41	Stephanie Mitchell	42 Brindisi Place	16744	42384721397	Yerevan	Armenia	active	1
42	Carolyn Perez	1632 Bislig Avenue	61117	471675840679	Pak Kret	Thailand	active	2
43	Christine Roberts	1447 Imus Way	48942	539758313890	Faaa	French Polynesia	active	2
44	Marie Turner	1998 Halifax Drive	76022	177727722820	Lipetsk	Russian Federation	active	1
45	Janet Phillips	1718 Valencia Street	37359	675292816413	Antofagasta	Chile	active	1
46	Catherine Campbell	46 Pjatigorsk Lane	23616	262076994845	Moscow	Russian Federation	active	2
47	Frances Parker	686 Garland Manor	52535	69493378813	Juazeiro do Norte	Brazil	active	1
48	Ann Evans	909 Garland Manor	69367	705800322606	Niznekamsk	Russian Federation	active	1
49	Joyce Edwards	725 Isesaki Place	74428	876295323994	Jedda	Saudi Arabia	active	2
50	Diane Collins	115 Hidalgo Parkway	80168	307703950263	Omdurman	Sudan	active	1
51	Alice Stewart	1135 Izumisano Parkway	48150	171822533480	Fontana	United States	active	1
52	Julie Sanchez	939 Probolinggo Loop	4166	680428310138	A Corua (La Corua)	Spain	active	1
53	Heather Morris	17 Kabul Boulevard	38594	697760867968	Nagareyama	Japan	active	1
54	Teresa Rogers	1964 Allappuzha (Alleppey) Street	48980	920811325222	Iwakuni	Japan	active	1
55	Doris Reed	1697 Kowloon and New Kowloon Loop	57807	499352017190	Balaiha	Russian Federation	active	2
56	Gloria Cook	1668 Saint Louis Place	39072	347487831378	Papeete	French Polynesia	active	1
57	Evelyn Morgan	943 Tokat Street	45428	889318963672	Vaduz	Liechtenstein	active	2
58	Jean Bell	1114 Liepaja Street	69226	212869228936	Kuching	Malaysia	active	1
59	Cheryl Murphy	1213 Ranchi Parkway	94352	800024380485	Mysore	India	active	1
60	Mildred Bailey	81 Hodeida Way	55561	250767749542	Jaipur	India	active	1
61	Katherine Rivera	915 Ponce Place	83980	1395251317	Basel	Switzerland	active	2
62	Joan Cooper	1717 Guadalajara Lane	85505	914090181665	Saint Louis	United States	active	1
63	Ashley Richardson	1214 Hanoi Way	67055	491001136577	Lincoln	United States	active	1
64	Judith Cox	1966 Amroha Avenue	70385	333489324603	Daxian	China	active	2
65	Rose Howard	698 Otsu Street	71110	409983924481	Cayenne	French Guiana	active	2
66	Janice Ward	1150 Kimchon Manor	96109	663449333709	Malm	Sweden	active	2
67	Kelly Torres	1586 Guaruj Place	5135	947233365992	Xiangtan	China	active	1
68	Nicole Peterson	57 Arlington Manor	48960	990214419142	Shivapuri	India	active	1
69	Judy Gray	1031 Daugavpils Parkway	59025	107137400143	Bchar	Algeria	active	2
70	Christina Ramirez	1124 Buenaventura Drive	6856	407733804223	al-Hawiya	Saudi Arabia	active	2
71	Kathy James	492 Cam Ranh Street	50805	565018274456	Baybay	Philippines	active	1
72	Theresa Watson	89 Allappuzha (Alleppey) Manor	75444	255800440636	Taguig	Philippines	active	2
73	Beverly Brooks	1947 Poos de Caldas Boulevard	60951	427454485876	Chiayi	Taiwan	active	2
74	Denise Kelly	1206 Dos Quebradas Place	20207	241832790687	Rio Claro	Brazil	active	1
75	Tammy Sanders	1551 Rampur Lane	72394	251164340471	Changhwa	Taiwan	active	2
76	Irene Price	602 Paarl Street	98889	896314772871	Pavlodar	Kazakstan	active	2
77	Jane Bennett	1692 Ede Loop	9223	918711376618	Araatuba	Brazil	active	2
78	Lori Wood	936 Salzburg Lane	96709	875756771675	Rae Bareli	India	active	1
79	Rachel Barnes	586 Tete Way	1079	18581624103	Kamakura	Japan	active	1
80	Marilyn Ross	1888 Kabul Drive	20936	701457319790	Ife	Nigeria	active	1
81	Andrea Henderson	320 Baiyin Parkway	37307	223664661973	Mahajanga	Madagascar	active	1
82	Kathryn Coleman	927 Baha Blanca Parkway	9495	821972242086	Simferopol	Ukraine	active	1
83	Louise Jenkins	929 Tallahassee Loop	74671	800716535041	Springs	South Africa	active	1
84	Sara Perry	125 Citt del Vaticano Boulevard	67912	48417642933	Atlixco	Mexico	active	2
85	Anne Powell	1557 Ktahya Boulevard	88002	720998247660	Bradford	United Kingdom	active	2
86	Jacqueline Long	870 Ashqelon Loop	84931	135117278909	Songkhla	Thailand	active	2
87	Wanda Patterson	1740 Portoviejo Avenue	29932	198123170793	Sincelejo	Colombia	active	1
88	Bonnie Hughes	1942 Ciparay Parkway	82624	978987363654	Cheju	South Korea	active	2
89	Julia Flores	1926 El Alto Avenue	75543	846225459260	La Plata	Argentina	active	1
90	Ruby Washington	1952 Chatsworth Drive	25958	991562402283	Meixian	China	active	2
91	Lois Butler	1370 Le Mans Avenue	52163	345679835036	Bandar Seri Begawan	Brunei	active	2
92	Tina Simmons	984 Effon-Alaiye Avenue	17119	132986892228	Goinia	Brazil	active	2
93	Phyllis Foster	832 Nakhon Sawan Manor	49021	275595571388	Zalantun	China	active	1
94	Norma Gonzales	152 Kitwe Parkway	53182	835433605312	Bislig	Philippines	active	1
95	Paula Bryant	1697 Tanauan Lane	22870	4764773857	Pathankot	India	active	2
96	Diana Alexander	1308 Arecibo Way	30695	6171054059	Augusta-Richmond County	United States	active	1
97	Annie Russell	1599 Plock Drive	71986	817248913162	Tete	Mozambique	active	2
98	Lillian Griffin	669 Firozabad Loop	92265	412903167998	al-Ayn	United Arab Emirates	active	1
99	Emily Diaz	588 Vila Velha Manor	51540	333339908719	Kimchon	South Korea	active	2
100	Robin Hayes	1913 Kamakura Place	97287	942570536750	Jelets	Russian Federation	active	1
101	Peggy Myers	733 Mandaluyong Place	77459	196568435814	Abha	Saudi Arabia	active	1
102	Crystal Ford	659 Vaduz Drive	49708	709935135487	Ashdod	Israel	active	1
103	Gladys Hamilton	1177 Jelets Way	3305	484292626944	Ilorin	Nigeria	active	1
104	Rita Graham	1386 Yangor Avenue	80720	449216226468	Toulon	France	active	1
105	Dawn Sullivan	454 Nakhon Sawan Boulevard	76383	963887147572	Funafuti	Tuvalu	active	1
106	Connie Wallace	1867 San Juan Bautista Tuxtepec Avenue	78311	547003310357	Ivanovo	Russian Federation	active	1
107	Florence Woods	1532 Dzerzinsk Way	9599	330838016880	Merlo	Argentina	active	1
108	Tracy Cole	1002 Ahmadnagar Manor	93026	371490777743	Huixquilucan	Mexico	active	1
109	Edna West	682 Junan Way	30418	622255216127	Klerksdorp	South Africa	active	2
110	Tiffany Jordan	804 Elista Drive	61069	379804592943	Enshi	China	active	2
111	Carmen Owens	1378 Alvorada Avenue	75834	272234298332	Caracas	Venezuela	active	1
112	Rosa Reynolds	793 Cam Ranh Avenue	87057	824370924746	Lancaster	United States	active	2
113	Cindy Fisher	1079 Tel Aviv-Jaffa Boulevard	10885	358178933857	Cuman	Venezuela	active	2
114	Grace Ellis	442 Rae Bareli Place	24321	886636413768	Duisburg	Germany	active	2
115	Wendy Harrison	1107 Nakhon Sawan Avenue	75149	867546627903	Nezahualcyotl	Mexico	active	1
116	Victoria Gibson	544 Malm Parkway	63502	386759646229	Pemalang	Indonesia	active	1
117	Edith Mcdonald	1967 Sincelejo Place	73644	577812616052	Gandhinagar	India	active	1
118	Kim Cruz	333 Goinia Way	78625	909029256431	Grand Prairie	United States	active	1
119	Sherry Marshall	1987 Coacalco de Berriozbal Loop	96065	787654415858	Shubra al-Khayma	Egypt	active	1
120	Sylvia Ortiz	241 Mosul Lane	76157	765345144779	Dos Quebradas	Colombia	active	2
121	Josephine Gomez	211 Chiayi Drive	58186	665993880048	Etawah	India	active	1
122	Thelma Murray	1175 Tanauan Way	64615	937222955822	Lima	Peru	active	1
123	Shannon Freeman	117 Boa Vista Way	6804	677976133614	Varanasi (Benares)	India	active	2
124	Sheila Wells	848 Tafuna Manor	45142	614935229095	Ktahya	Turkey	active	1
125	Ethel Webb	569 Baicheng Lane	60304	490211944645	Boksburg	South Africa	active	1
126	Ellen Simpson	1666 Qomsheh Drive	66255	582835362905	Po	Brazil	active	1
127	Elaine Stevens	801 Hagonoy Drive	8439	237426099212	Smolensk	Russian Federation	active	2
128	Marjorie Tucker	1050 Garden Grove Avenue	4999	973047364353	Jastrzebie-Zdrj	Poland	active	1
129	Carrie Porter	1854 Tieli Street	15819	509492324775	Liaocheng	China	active	1
130	Charlotte Hunter	758 Junan Lane	82639	935448624185	guas Lindas de Gois	Brazil	active	1
131	Monica Hicks	1752 So Leopoldo Parkway	14014	252265130067	Mukateve	Ukraine	active	2
132	Esther Crawford	898 Belm Manor	49757	707169393853	Botshabelo	South Africa	active	2
133	Pauline Henry	261 Saint Louis Way	83401	321944036800	Torren	Mexico	active	1
134	Emma Boyd	765 Southampton Drive	4285	23712411567	Qalyub	Egypt	active	1
135	Juanita Mason	943 Johannesburg Avenue	5892	90921003005	Pune	India	active	2
136	Anita Morales	788 Atinsk Street	81691	146497509724	Hubli-Dharwad	India	active	2
137	Rhonda Kennedy	1749 Daxian Place	11044	963369996279	Apeldoorn	Netherlands	active	2
138	Hazel Warren	1587 Sullana Lane	85769	468060467018	Hohhot	China	active	1
139	Amber Dixon	1029 Dzerzinsk Manor	57519	33173584456	Touliu	Taiwan	active	1
140	Eva Ramos	1666 Beni-Mellal Place	13377	9099941466	Clarksville	United States	active	1
141	Debbie Reyes	928 Jaffna Loop	93762	581852137991	Fukuyama	Japan	active	1
142	April Burns	483 Ljubertsy Parkway	60562	581174211853	Dundee	United Kingdom	active	1
143	Leslie Gordon	374 Bat Yam Boulevard	97700	923261616249	Kilis	Turkey	active	1
144	Clara Shaw	1027 Songkhla Manor	30861	563660187896	Molodetno	Belarus	active	1
145	Lucille Holmes	999 Sanaa Loop	3439	918032330119	Soshanguve	South Africa	active	1
146	Jamie Rice	879 Newcastle Way	90732	206841104594	Sterling Heights	United States	active	1
147	Joanne Robertson	1337 Lincoln Parkway	99457	597815221267	Urawa	Japan	active	2
148	Eleanor Hunt	1952 Pune Lane	92150	354615066969	Saint-Denis	Runion	active	1
149	Valerie Black	782 Mosul Street	25545	885899703621	Brockton	United States	active	1
150	Danielle Daniels	781 Shimonoseki Drive	95444	632316273199	Hidalgo	Mexico	active	2
151	Megan Palmer	1560 Jelets Boulevard	77777	189446090264	Laiwu	China	active	2
152	Alicia Mills	1963 Moscow Place	64863	761379480249	Nagaon	India	active	1
153	Suzanne Nichols	456 Escobar Way	36061	719202533520	Jakarta	Indonesia	active	2
154	Michele Grant	798 Cianjur Avenue	76990	499408708580	Yuncheng	China	active	2
155	Gail Knight	185 Novi Sad Place	41778	904253967161	Bern	Switzerland	active	1
156	Bertha Ferguson	1367 Yantai Manor	21294	889538496300	Ondo	Nigeria	active	1
157	Darlene Rose	1386 Nakhon Sawan Boulevard	53502	368899174225	Pyongyang	North Korea	active	2
158	Veronica Stone	369 Papeete Way	66639	170117068815	Greensboro	United States	active	1
159	Jill Hawkins	1440 Compton Place	81037	931059836497	Linz	Austria	active	1
160	Erin Dunn	1623 Baha Blanca Manor	81511	149981248346	Ljubertsy	Russian Federation	active	2
161	Geraldine Perkins	97 Shimoga Avenue	44660	177167004331	Tel Aviv-Jaffa	Israel	active	1
162	Lauren Hudson	1740 Le Mans Loop	22853	168476538960	Le Mans	France	active	2
163	Cathy Spencer	1287 Xiangfan Boulevard	57844	819416131190	Kakamigahara	Japan	active	1
164	Joann Gardner	842 Salzburg Lane	3313	697151428760	Tarsus	Turkey	active	2
165	Lorraine Stephens	154 Tallahassee Loop	62250	935508855935	Hami	China	active	2
166	Lynn Payne	710 San Felipe del Progreso Avenue	76901	843801144113	Lilongwe	Malawi	active	1
167	Sally Pierce	1540 Wroclaw Drive	62686	182363341674	Chandrapur	India	active	2
168	Regina Berry	475 Atinsk Way	59571	201705577290	Jinchang	China	active	1
169	Erica Matthews	1294 Firozabad Drive	70618	161801569569	Pingxiang	China	active	2
170	Beatrice Arnold	1877 Ezhou Lane	63337	264541743403	Udaipur	India	active	1
171	Dolores Wagner	316 Uruapan Street	58194	275788967899	Ipoh	Malaysia	active	2
172	Bernice Willis	29 Pyongyang Loop	47753	734780743462	Batman	Turkey	active	1
173	Audrey Ray	1010 Klerksdorp Way	6802	493008546874	Graz	Austria	active	1
174	Yvonne Watkins	1848 Salala Boulevard	25220	48265851133	Ocumare del Tuy	Venezuela	active	2
175	Annette Olson	431 Xiangtan Avenue	4854	230250973122	Allappuzha (Alleppey)	India	active	1
176	June Carroll	757 Rustenburg Avenue	89668	506134035434	Skikda	Algeria	active	1
177	Samantha Duncan	146 Johannesburg Way	54132	953689007081	Matamoros	Mexico	active	2
178	Marion Snyder	1891 Rizhao Boulevard	47288	391065549876	Santa Brbara dOeste	Brazil	active	2
179	Dana Hart	1089 Iwatsuki Avenue	35109	866092335135	Kirovo-Tepetsk	Russian Federation	active	1
180	Stacy Cunningham	1410 Benin City Parkway	29747	104150372603	Pereira	Colombia	active	2
181	Ana Bradley	682 Garden Grove Place	67497	72136330362	Memphis	United States	active	2
182	Renee Lane	533 al-Ayn Boulevard	8862	662227486184	Compton	United States	active	1
183	Ida Andrews	1839 Szkesfehrvr Parkway	55709	947468818183	Luzinia	Brazil	active	2
184	Vivian Ruiz	741 Ambattur Manor	43310	302590383819	s-Hertogenbosch	Netherlands	active	1
185	Roberta Harper	927 Barcelona Street	65121	951486492670	Shahr-e Kord	Iran	active	1
186	Holly Fox	435 0 Way	74750	760171523969	Haldia	India	active	2
187	Brittany Riley	140 Chiayi Parkway	38982	855863906434	Sumy	Ukraine	active	2
188	Melanie Armstrong	1166 Changhwa Street	58852	650752094490	Bayugan	Philippines	active	1
189	Loretta Carpenter	891 Novi Sad Manor	5379	247646995453	Oshawa	Canada	active	1
190	Yolanda Weaver	605 Rio Claro Parkway	49348	352469351088	Tabora	Tanzania	active	2
191	Jeanette Greene	1077 San Felipe de Puerto Plata Place	65387	812824036424	Novoterkassk	Russian Federation	active	1
192	Laurie Lawrence	9 San Miguel de Tucumn Manor	90845	956188728558	Firozabad	India	active	1
193	Katie Elliott	447 Surakarta Loop	10428	940830176580	Kisumu	Kenya	active	2
194	Kristen Chavez	345 Oshawa Boulevard	32114	104491201771	Hino	Japan	active	2
195	Vanessa Sims	1792 Valle de la Pascua Place	15540	419419591240	Siegen	Germany	active	1
196	Alma Austin	1074 Binzhou Manor	36490	331132568928	Mannheim	Germany	active	1
197	Sue Peters	817 Bradford Loop	89459	264286442804	Changzhou	China	active	2
198	Elsie Kelley	955 Bamenda Way	1545	768481779568	Ikerre	Nigeria	active	2
199	Beth Franklin	1149 A Corua (La Corua) Boulevard	95824	470884141195	Haiphong	Vietnam	active	2
200	Jeanne Lawson	387 Mwene-Ditu Drive	8073	764477681869	Ashgabat	Turkmenistan	active	2
201	Vicki Fields	68 Molodetno Manor	4662	146640639760	Witten	Germany	active	1
202	Carla Gutierrez	642 Nador Drive	3924	369050085652	Bhusawal	India	active	2
203	Tara Ryan	1688 Nador Lane	61613	652218196731	Gorontalo	Indonesia	active	1
204	Rosemary Schmidt	1215 Pyongyang Parkway	25238	646237101779	Usak	Turkey	active	1
205	Eileen Carr	1679 Antofagasta Street	86599	905903574913	Ciudad del Este	Paraguay	active	2
206	Terri Vasquez	1304 s-Hertogenbosch Way	10925	90336226227	Blumenau	Brazil	active	1
207	Gertrude Castillo	850 Salala Loop	10800	403404780639	Nuuk	Greenland	active	1
208	Lucy Wheeler	624 Oshawa Boulevard	89959	49677664184	Balurghat	India	active	1
209	Tonya Chapman	43 Dadu Avenue	4855	95666951770	Bhilwara	India	active	2
210	Ella Oliver	751 Lima Loop	99405	756460337785	Aden	Yemen	active	2
211	Stacey Montgomery	1333 Haldia Street	82161	408304391718	Fuyu	China	active	1
212	Wilma Richards	660 Jedda Boulevard	25053	168758068397	Bellevue	United States	active	2
213	Gina Williamson	1001 Miyakonojo Lane	67924	584316724815	Taizz	Yemen	active	1
214	Kristin Johnston	226 Brest Manor	2299	785881412500	Sunnyvale	United States	active	1
215	Jessie Banks	1229 Valencia Parkway	99124	352679173732	Stara Zagora	Bulgaria	active	2
216	Natalie Meyer	1201 Qomsheh Manor	21464	873492228462	Aparecida de Goinia	Brazil	active	1
217	Agnes Bishop	866 Shivapuri Manor	22474	778502731092	Sambhal	India	active	2
218	Vera Mccoy	1168 Najafabad Parkway	40301	886649065861	Kabul	Afghanistan	active	1
219	Willie Howell	1244 Allappuzha (Alleppey) Place	20657	991802825778	Vicente Lpez	Argentina	active	2
220	Charlene Alvarez	1842 Luzinia Boulevard	94420	706878974831	Zanzibar	Tanzania	active	2
221	Bessie Morrison	1926 Gingoog Street	22824	469738825391	Syrakusa	Italy	active	1
222	Delores Hansen	810 Palghat (Palakkad) Boulevard	73431	516331171356	Jaroslavl	Russian Federation	active	2
223	Melinda Fernandez	1820 Maring Parkway	88307	99760893676	Mandi Bahauddin	Pakistan	active	1
224	Pearl Garza	60 Poos de Caldas Street	82338	963063788669	Jodhpur	India	active	2
225	Arlene Harvey	1014 Loja Manor	66851	460795526514	Ambattur	India	active	1
226	Maureen Little	201 Effon-Alaiye Way	64344	684192903087	Asuncin	Paraguay	active	2
227	Colleen Burton	430 Alessandria Loop	47446	669828224459	Saarbrcken	Germany	active	1
228	Allison Stanley	754 Valencia Place	87911	594319417514	Phnom Penh	Cambodia	active	2
229	Tamara Nguyen	356 Olomouc Manor	93323	22326410776	Anpolis	Brazil	active	1
230	Joy George	1256 Bislig Boulevard	50598	479007229460	Botosani	Romania	active	2
231	Georgia Jacobs	954 Kimchon Place	42420	541327526474	Uttarpara-Kotrung	India	active	1
232	Constance Reid	885 Yingkou Manor	31390	588964509072	Zaria	Nigeria	active	2
233	Lillie Kim	1736 Cavite Place	98775	431770603551	Idfu	Egypt	active	2
234	Claudia Fuller	346 Skikda Parkway	90628	630424482919	Jalib al-Shuyukh	Kuwait	active	1
235	Jackie Lynch	98 Stara Zagora Boulevard	76448	610173756082	Buenaventura	Colombia	active	1
236	Marcia Dean	1479 Rustenburg Boulevard	18727	727785483194	Tanza	Philippines	active	1
237	Tanya Gilbert	647 A Corua (La Corua) Street	36971	792557457753	Naju	South Korea	active	1
238	Nellie Garrett	1964 Gijn Manor	14408	918119601885	Shimoga	India	active	1
239	Minnie Romero	47 Syktyvkar Lane	22236	63937119031	Ciomas	Indonesia	active	2
240	Marlene Welch	1148 Saarbrcken Parkway	1921	137773001988	Iwaki	Japan	active	1
241	Heidi Larson	1103 Bilbays Parkway	87660	279979529227	Xiangfan	China	active	2
242	Glenda Frazier	1246 Boksburg Parkway	28349	890283544295	Qinhuangdao	China	active	1
243	Lydia Burke	1483 Pathankot Street	37288	686015532180	San Miguel de Tucumn	Argentina	active	1
244	Viola Hanson	582 Papeete Loop	27722	569868543137	Lapu-Lapu	Philippines	active	2
245	Courtney Day	300 Junan Street	81314	890289150158	Uijongbu	South Korea	active	1
246	Marian Mendoza	829 Grand Prairie Way	6461	741070712873	Maring	Brazil	active	1
247	Stella Moreno	1473 Changhwa Parkway	75933	266798132374	Coacalco de Berriozbal	Mexico	active	1
248	Caroline Bowman	1309 Weifang Street	57338	435785045362	Tallahassee	United States	active	1
249	Dora Medina	1760 Oshawa Manor	38140	56257502250	Tianjin	China	active	2
250	Jo Fowler	786 Stara Zagora Way	98332	716256596301	Oyo	Nigeria	active	2
251	Vickie Brewer	1966 Tonghae Street	36481	567359279425	Halle/Saale	Germany	active	2
252	Mattie Hoffman	1497 Yuzhou Drive	3433	246810237916	London	United Kingdom	active	2
253	Terry Carlson	752 Ondo Loop	32474	134673576619	Miyakonojo	Japan	active	1
254	Maxine Silva	1338 Zalantun Lane	45403	840522972766	Poos de Caldas	Brazil	active	2
255	Irma Pearson	127 Iwakuni Boulevard	20777	987442542471	Hagonoy	Philippines	active	2
256	Mabel Holland	51 Laredo Avenue	68146	884536620568	Monywa	Myanmar	active	2
257	Marsha Douglas	771 Yaound Manor	86768	245477603573	Beira	Mozambique	active	2
258	Myrtle Fleming	532 Toulon Street	69517	46871694740	Santiago de los Caballeros	Dominican Republic	active	1
259	Lena Jensen	1027 Banjul Place	50390	538241037443	Halisahar	India	active	2
260	Christy Vargas	1158 Mandi Bahauddin Parkway	98484	276555730211	Datong	China	active	1
261	Deanna Byrd	862 Xintai Lane	30065	265153400632	Tuguegarao	Philippines	active	1
262	Patsy Davidson	816 Cayenne Parkway	93629	282874611748	Portoviejo	Ecuador	active	2
263	Hilda Hopkins	1831 Nam Dinh Loop	51990	322888976727	Mandaluyong	Philippines	active	1
264	Gwendolyn May	446 Kirovo-Tepetsk Lane	19428	303967439816	Higashiosaka	Japan	active	1
265	Jennie Terry	682 Halisahar Place	20536	475553436330	Olomouc	Czech Republic	active	2
266	Nora Herrera	1587 Loja Manor	5410	621625204422	Salzburg	Austria	active	2
267	Margie Wade	1762 Paarl Parkway	53928	192459639410	Lengshuijiang	China	active	1
268	Nina Soto	1519 Ilorin Place	49298	357445645426	Palghat (Palakkad)	India	active	1
269	Cassandra Walters	920 Kumbakonam Loop	75090	685010736240	Salinas	United States	active	1
270	Leah Curtis	906 Goinia Way	83565	701767622697	Kalisz	Poland	active	1
271	Penny Neal	1675 Xiangfan Manor	11763	271149517630	Kumbakonam	India	active	1
272	Kay Caldwell	85 San Felipe de Puerto Plata Drive	46063	170739645687	Yantai	China	active	1
273	Priscilla Lowe	144 South Hill Loop	2012	45387294817	Salamanca	Mexico	active	2
274	Naomi Jennings	1884 Shikarpur Avenue	85548	959949395183	Karnal	India	active	1
275	Carole Barnett	1980 Kamjanets-Podilskyi Street	89502	874337098891	Peoria	United States	active	2
276	Brandy Graves	1944 Bamenda Way	24645	75975221996	Warren	United States	active	1
277	Olga Jimenez	556 Baybay Manor	55802	363982224739	Ogbomosho	Nigeria	active	2
278	Billie Horton	457 Tongliao Loop	56254	880756161823	Inegl	Turkey	active	2
279	Dianne Shelton	600 Bradford Street	96204	117592274996	Tabriz	Iran	active	2
280	Tracey Barrett	1006 Santa Brbara dOeste Manor	36229	85059738746	Owo	Nigeria	active	2
281	Leona Obrien	1308 Sumy Loop	30657	583021225407	Fuzhou	China	active	2
282	Jenny Castro	1405 Chisinau Place	8160	62781725285	Ponce	Puerto Rico	active	2
283	Felicia Sutton	226 Halifax Street	58492	790651020929	Korla	China	active	1
284	Sonia Gregory	1279 Udine Parkway	75860	195003555232	Benin City	Nigeria	active	1
285	Miriam Mckinney	1336 Benin City Drive	46044	341242939532	Otsu	Japan	active	1
286	Velma Lucas	1155 Liaocheng Place	22650	558236142492	Effon-Alaiye	Nigeria	active	1
287	Becky Miles	1993 Tabuk Lane	64221	648482415405	Tambaram	India	active	2
288	Bobbie Craig	86 Higashiosaka Lane	33768	957128697225	Valle de Santiago	Mexico	active	1
289	Violet Rodriquez	1912 Allende Manor	58124	172262454487	Kowloon and New Kowloon	Hong Kong	active	1
290	Kristina Chambers	544 Tarsus Boulevard	53145	892523334	Valle de la Pascua	Venezuela	active	1
291	Toni Holt	1936 Cuman Avenue	61195	976798660411	Roanoke	United States	active	1
292	Misty Lambert	1192 Tongliao Street	19065	350970907017	Sharja	United Arab Emirates	active	2
293	Mae Fletcher	44 Najafabad Way	61391	96604821070	Donostia-San Sebastin	Spain	active	2
294	Shelly Watts	32 Pudukkottai Lane	38834	967274728547	Dayton	United States	active	2
295	Daisy Bates	661 Chisinau Lane	8856	816436065431	Kolpino	Russian Federation	active	1
296	Ramona Hale	951 Stara Zagora Manor	98573	429925609431	Patiala	India	active	2
297	Sherri Rhodes	922 Vila Velha Loop	4085	510737228015	Ahmadnagar	India	active	1
298	Erika Pena	898 Jining Lane	40070	161643343536	Oulu	Finland	active	1
299	James Gannon	1635 Kuwana Boulevard	52137	710603868323	Hiroshima	Japan	active	2
300	John Farnsworth	41 El Alto Parkway	56883	51917807050	Parbhani	India	active	1
301	Robert Baughman	1883 Maikop Lane	68469	96110042435	Kaliningrad	Russian Federation	active	2
302	Michael Silverman	1908 Gaziantep Place	58979	108053751300	Tiefa	China	active	1
303	William Satterfield	687 Alessandria Parkway	57587	407218522294	Sanaa	Yemen	active	2
304	David Royal	827 Yuncheng Drive	79047	504434452842	Callao	Peru	active	2
305	Richard Mccrary	913 Coacalco de Berriozbal Loop	42141	262088367001	Arlington	United States	active	1
306	Charles Kowalski	715 So Bernardo do Campo Lane	84804	181179321332	Sungai Petani	Malaysia	active	1
307	Joseph Joy	1354 Siegen Street	80184	573441801529	Angra dos Reis	Brazil	active	2
308	Thomas Grigsby	1191 Sungai Petani Boulevard	9668	983259819766	Kansas City	United States	active	1
309	Christopher Greco	1224 Huejutla de Reyes Boulevard	70923	806016930576	Brescia	Italy	active	1
310	Daniel Cabral	543 Bergamo Avenue	59686	103602195112	Ibirit	Brazil	active	2
311	Paul Trout	746 Joliet Lane	94878	688485191923	Kursk	Russian Federation	active	2
312	Mark Rinehart	780 Kimberley Way	17032	824396883951	Tabuk	Saudi Arabia	active	2
313	Donald Mahon	1774 Yaound Place	91400	613124286867	Ezhou	China	active	2
314	George Linton	1957 Yantai Lane	59255	704948322302	Sorocaba	Brazil	active	1
315	Kenneth Gooden	1542 Lubumbashi Boulevard	62472	508800331065	Bat Yam	Israel	active	2
316	Steven Curley	651 Pathankot Loop	59811	139378397418	Miraj	India	active	1
317	Edward Baugh	1359 Zhoushan Parkway	29763	46568045367	Trshavn	Faroe Islands	active	2
318	Brian Wyman	1769 Iwaki Lane	25787	556100547674	Bydgoszcz	Poland	active	1
319	Ronald Weiner	1145 Vilnius Manor	73170	674805712553	San Felipe del Progreso	Mexico	active	2
320	Anthony Schwab	1892 Nabereznyje Telny Lane	28396	478229987054	Tafuna	American Samoa	active	2
321	Kevin Schuler	470 Boksburg Street	97960	908029859266	Birgunj	Nepal	active	1
322	Jason Morrissey	1427 A Corua (La Corua) Place	85799	972574862516	Baha Blanca	Argentina	active	1
323	Matthew Mahan	479 San Felipe del Progreso Avenue	54949	869051782691	Cuautla	Mexico	active	2
324	Gary Coy	867 Benin City Avenue	78543	168884817145	Yuzhou	China	active	2
325	Timothy Bunn	981 Kumbakonam Place	87611	829116184079	Braslia	Brazil	active	1
326	Jose Andrew	1016 Iwakuni Street	49833	961370847344	Kingstown	Saint Vincent and the Grenadines	active	1
327	Larry Thrasher	663 Baha Blanca Parkway	33463	834418779292	Adana	Turkey	active	2
328	Jeffrey Spear	1860 Taguig Loop	59550	38158430589	Ciparay	Indonesia	active	2
329	Frank Waggoner	1816 Bydgoszcz Loop	64308	965273813662	Jamalpur	Bangladesh	active	2
330	Scott Shelley	587 Benguela Manor	91590	165450987037	Aurora	United States	active	1
331	Eric Robert	430 Kumbakonam Drive	28814	105470691550	Santa F	Argentina	active	1
332	Stephen Qualls	1838 Tabriz Lane	1195	38988715447	Dhaka	Bangladesh	active	1
333	Andrew Purdy	431 Szkesfehrvr Avenue	57828	119501405123	Baku	Azerbaijan	active	2
334	Raymond Mcwhorter	503 Sogamoso Loop	49812	834626715837	Sumqayit	Azerbaijan	active	2
335	Gregory Mauldin	507 Smolensk Loop	22971	80303246192	Sousse	Tunisia	active	1
336	Joshua Mark	1920 Weifang Avenue	15643	869507847714	Rampur	India	active	1
337	Jerry Jordon	124 al-Manama Way	52368	647899404952	Onomichi	Japan	active	1
338	Dennis Gilman	1443 Mardan Street	31483	231383037471	Paarl	South Africa	active	1
339	Walter Perryman	1909 Benguela Lane	19913	624138001031	Xinxiang	China	active	2
340	Patrick Newsom	68 Ponce Parkway	85926	870635127812	Hanoi	Vietnam	active	1
341	Peter Menard	1217 Konotop Avenue	504	718917251754	Ede	Netherlands	active	1
342	Harold Martino	1293 Nam Dinh Way	71583	697656479977	Boa Vista	Brazil	active	1
343	Douglas Graf	785 Vaduz Street	36170	895616862749	Mexicali	Mexico	active	1
344	Henry Billingsley	1516 Escobar Drive	46069	64536069371	Nukualofa	Tonga	active	1
345	Carl Artis	1628 Nagareyama Lane	60079	20064292617	San Lorenzo	Paraguay	active	1
346	Arthur Simpkins	1157 Nyeri Loop	56380	262744791493	Maikop	Russian Federation	active	1
347	Ryan Salisbury	1673 Tangail Drive	26857	627924259271	Daugavpils	Latvia	active	2
348	Roger Quintanilla	381 Kabul Way	87272	55477302294	Hsichuh	Taiwan	active	2
349	Joe Gilliland	953 Hodeida Street	18841	53912826864	Imus	Philippines	active	2
350	Juan Fraley	469 Nakhon Sawan Street	58866	689199636560	Teboksary	Russian Federation	active	1
351	Jack Foust	1378 Beira Loop	40792	840957664136	Zeleznogorsk	Russian Federation	active	1
352	Albert Crouse	1641 Changhwa Place	37636	256546485220	Bamenda	Cameroon	active	1
353	Jonathan Scarborough	1698 Southport Loop	49009	754358349853	Pachuca de Soto	Mexico	active	1
354	Justin Ngo	519 Nyeri Manor	37650	764680915323	Santo Andr	Brazil	active	2
355	Terry Grissom	619 Hunuco Avenue	81508	142596392389	Matsue	Japan	active	2
356	Gerald Fultz	45 Aparecida de Goinia Place	7431	650496654258	Satna	India	active	2
357	Keith Rico	482 Kowloon and New Kowloon Manor	97056	738968474939	Bratislava	Slovakia	active	1
358	Samuel Marlow	604 Bern Place	5373	620719383725	Ranchi	India	active	2
359	Willie Markham	1623 Kingstown Drive	91299	296394569728	Almirante Brown	Argentina	active	2
360	Ralph Madrigal	1009 Zanzibar Lane	64875	102396298916	Arecibo	Puerto Rico	active	2
361	Lawrence Lawton	114 Jalib al-Shuyukh Manor	60440	845378657301	Yaound	Cameroon	active	2
362	Nicholas Barfield	1163 London Parkway	6066	675120358494	Belm	Brazil	active	1
363	Roy Whiting	1658 Jastrzebie-Zdrj Loop	96584	568367775448	Nyeri	Kenya	active	2
364	Benjamin Varney	817 Laredo Avenue	77449	151249681135	Guadalajara	Mexico	active	1
365	Bruce Schwarz	1565 Tangail Manor	45750	634445428822	Okinawa	Japan	active	2
366	Brandon Huey	1912 Emeishan Drive	33050	99883471275	Balikesir	Turkey	active	1
367	Adam Gooch	230 Urawa Drive	2738	166898395731	Adoni	India	active	1
368	Harry Arce	1922 Miraj Way	13203	320471479776	Najafabad	Iran	active	1
369	Fred Wheat	433 Florencia Street	91330	561729882725	Jurez	Mexico	active	2
370	Wayne Truong	1049 Matamoros Parkway	69640	960505250340	Gulbarga	India	active	2
371	Billy Poulin	1061 Ede Avenue	57810	333390595558	Cabuyao	Philippines	active	1
372	Steve Mackenzie	154 Oshawa Manor	72771	440365973660	Probolinggo	Indonesia	active	2
373	Louis Leone	1191 Tandil Drive	6362	45554316010	Tanauan	Philippines	active	1
374	Jeremy Hurtado	1133 Rizhao Avenue	2800	600264533987	Vitria de Santo Anto	Brazil	active	2
375	Aaron Selby	1519 Santiago de los Caballeros Loop	22025	409315295763	Mwene-Ditu	Congo, The Democratic Republic of the	active	2
376	Randy Gaither	1618 Olomouc Manor	26385	96846695220	Kurgan	Russian Federation	active	1
377	Howard Fortner	220 Hidalgo Drive	45298	342720754566	Kermanshah	Iran	active	1
378	Eugene Culpepper	686 Donostia-San Sebastin Lane	97390	71857599858	Shenzhen	China	active	1
379	Carlos Coughlin	97 Mogiljov Lane	89294	924815207181	Bhavnagar	India	active	1
380	Russell Brinson	1642 Charlotte Amalie Drive	75442	821476736117	Tychy	Poland	active	1
381	Bobby Boudreau	1368 Maracabo Boulevard	32716	934352415130	South Hill	Anguilla	active	2
382	Victor Barkley	401 Sucre Boulevard	25007	486395999608	Manchester	United States	active	2
383	Martin Bales	368 Hunuco Boulevard	17165	106439158941	Namibe	Angola	active	1
384	Ernest Stepp	500 Lincoln Parkway	95509	550306965159	Huaian	China	active	2
385	Phillip Holm	102 Chapra Drive	14073	776031833752	Tama	Japan	active	1
386	Todd Tan	1793 Meixian Place	33535	619966287415	Kamjanets-Podilskyi	Ukraine	active	1
387	Jesse Schilling	514 Ife Way	69973	900235712074	Lubumbashi	Congo, The Democratic Republic of the	active	2
388	Craig Morrell	717 Changzhou Lane	21615	426255288071	Cavite	Philippines	active	2
389	Alan Kahn	753 Ilorin Avenue	3656	464511145118	Emeishan	China	active	1
390	Shawn Heaton	1337 Mit Ghamr Avenue	29810	175283210378	Nakhon Sawan	Thailand	active	1
391	Clarence Gamez	767 Pyongyang Drive	83536	667736124769	Izumisano	Japan	active	1
392	Sean Douglass	614 Pak Kret Street	27796	47808359842	Addis Abeba	Ethiopia	active	2
393	Philip Causey	954 Lapu-Lapu Way	8816	737229003916	Korolev	Russian Federation	active	1
394	Chris Brothers	331 Bydgoszcz Parkway	966	537374465982	Gijn	Spain	active	2
395	Johnny Turpin	1152 Citrus Heights Manor	5239	765957414528	al-Qadarif	Sudan	active	2
396	Earl Shanks	168 Cianjur Manor	73824	679095087143	Iwatsuki	Japan	active	1
397	Jimmy Schrader	616 Hagonoy Avenue	46043	604177838256	Atinsk	Russian Federation	active	1
398	Antonio Meek	1190 0 Place	10417	841876514789	Bag	Brazil	active	1
399	Danny Isom	734 Bchar Place	30586	280578750435	Okara	Pakistan	active	1
400	Bryan Hardison	530 Lausanne Lane	11067	775235029633	Dallas	United States	active	2
401	Tony Carranza	454 Patiala Lane	13496	794553031307	Koriyama	Japan	active	2
402	Luis Yanez	1346 Mysore Drive	61507	516647474029	Brest	France	active	1
403	Mike Way	990 Etawah Loop	79940	206169448769	Valparai	India	active	1
404	Stanley Scroggins	1266 Laredo Parkway	7664	1483365694	Omiya	Japan	active	2
405	Leonard Schofield	88 Nagaon Manor	86868	779461480495	Tandil	Argentina	active	1
406	Nathan Runyon	264 Bhimavaram Manor	54749	302526949177	Charlotte Amalie	Virgin Islands, U.S.	active	1
407	Dale Ratcliff	1639 Saarbrcken Drive	9827	328494873422	Rustenburg	South Africa	active	1
408	Manuel Murrell	692 Amroha Drive	35575	359478883004	Jaffna	Sri Lanka	active	1
409	Rodney Moeller	1936 Lapu-Lapu Parkway	7122	653436985797	Deba Habe	Nigeria	active	2
410	Curtis Irby	432 Garden Grove Street	65630	615964523510	Richmond Hill	Canada	active	2
411	Norman Currier	1445 Carmen Parkway	70809	598912394463	Cianjur	Indonesia	active	1
412	Allen Butterfield	791 Salinas Street	40509	129953030512	Hoshiarpur	India	active	2
413	Marvin Yee	126 Acua Parkway	58888	480039662421	Berhampore (Baharampur)	India	active	2
414	Vincent Ralston	397 Sunnyvale Avenue	55566	680851640676	Allende	Mexico	active	1
415	Glenn Pullen	992 Klerksdorp Loop	33711	855290087237	Amersfoort	Netherlands	active	1
416	Jeffery Pinson	966 Arecibo Loop	94018	15273765306	Dadu	Pakistan	active	2
417	Travis Estep	289 Santo Andr Manor	72410	214976066017	al-Qatif	Saudi Arabia	active	1
418	Jeff East	437 Chungho Drive	59489	491271355190	San Felipe de Puerto Plata	Dominican Republic	active	2
419	Chad Carbone	1948 Bayugan Parkway	60622	987306329957	Katihar	India	active	1
420	Jacob Lance	1866 al-Qatif Avenue	89420	546793516940	El Monte	United States	active	1
421	Lee Hawks	1661 Abha Drive	14400	270456873752	Pudukkottai	India	active	1
422	Melvin Ellington	1557 Cape Coral Parkway	46875	368284120423	Laohekou	China	active	1
423	Alfred Casillas	1727 Matamoros Place	78813	129673677866	Sawhaj	Egypt	active	2
424	Kyle Spurlock	1269 Botosani Manor	47394	736517327853	Shanwei	China	active	2
425	Francis Sikes	355 Vitria de Santo Anto Way	81758	548003849552	San Juan Bautista Tuxtepec	Mexico	active	2
426	Bradley Motley	1596 Acua Parkway	70425	157133457169	Purnea (Purnia)	India	active	1
427	Jesus Mccartney	259 Ipoh Drive	64964	419009857119	Guaruj	Brazil	active	2
428	Herbert Kruger	1823 Hoshiarpur Lane	33191	307133768620	Syktyvkar	Russian Federation	active	2
429	Frederick Isbell	1404 Taguig Drive	87212	572068624538	Tsuyama	Japan	active	2
430	Ray Houle	740 Udaipur Lane	33505	497288595103	Dzerzinsk	Russian Federation	active	1
431	Joel Francisco	287 Cuautla Boulevard	72736	82619513349	Sucre	Bolivia	active	2
432	Edwin Burk	1766 Almirante Brown Street	63104	617567598243	Newcastle	South Africa	active	1
433	Don Bone	596 Huixquilucan Place	65892	342709348083	Naala-Porto	Mozambique	active	1
434	Eddie Tomlin	1351 Aparecida de Goinia Parkway	41775	959834530529	Ozamis	Philippines	active	1
435	Ricky Shelby	722 Bradford Lane	90920	746251338300	Junan	China	active	2
436	Troy Quigley	983 Santa F Way	47472	145720452260	Vancouver	Canada	active	1
437	Randall Neumann	1245 Ibirit Way	40926	331888642162	La Romana	Dominican Republic	active	2
438	Barry Lovelace	1836 Korla Parkway	55405	689681677428	Kitwe	Zambia	active	1
439	Alexander Fennell	231 Kaliningrad Place	57833	575081026569	Bergamo	Italy	active	2
440	Bernard Colby	495 Bhimavaram Lane	3	82088937724	Dhule (Dhulia)	India	active	1
441	Mario Cheatham	1924 Shimonoseki Drive	52625	406784385440	Batna	Algeria	active	1
442	Leroy Bustamante	105 Dzerzinsk Manor	48570	240776414296	Tongliao	China	active	1
443	Francisco Skidmore	614 Denizli Parkway	29444	876491807547	So Leopoldo	Brazil	active	2
444	Marcus Hidalgo	1289 Belm Boulevard	88306	237368926031	Tartu	Estonia	active	2
445	Micheal Forman	203 Tambaram Street	73942	411549550611	Escobar	Argentina	active	1
446	Theodore Culp	1704 Tambaram Manor	2834	39463554936	Uluberia	India	active	2
447	Clifford Bowens	207 Cuernavaca Loop	52671	782900030287	Nabereznyje Telny	Russian Federation	active	1
448	Miguel Betancourt	319 Springs Loop	99552	72524459905	Erlangen	Germany	active	1
449	Oscar Aquino	956 Nam Dinh Manor	21872	474047727727	Sirjan	Iran	active	2
450	Jay Robb	1947 Paarl Way	23636	834061016202	Surakarta	Indonesia	active	1
451	Jim Rea	814 Simferopol Loop	48745	524567129902	El Fuerte	Mexico	active	1
452	Tom Milner	535 Ahmadnagar Manor	41136	985109775584	Abu Dhabi	United Arab Emirates	active	1
453	Calvin Martel	138 Caracas Boulevard	16790	974433019532	Maracabo	Venezuela	active	1
454	Alex Gresham	251 Florencia Drive	16119	118011831565	Uruapan	Mexico	active	2
455	Jon Wiles	659 Gatineau Boulevard	28587	205524798287	El Alto	Bolivia	active	2
456	Ronnie Ricketts	1889 Valparai Way	75559	670370974122	Ziguinchor	Senegal	active	2
457	Bill Gavin	1485 Bratislava Place	83183	924663855568	Rockford	United States	active	2
458	Lloyd Dowd	935 Aden Boulevard	64709	335052544020	Tegal	Indonesia	active	1
459	Tommy Collazo	76 Kermanshah Manor	23343	762361821578	Qomsheh	Iran	active	1
460	Leon Bostic	734 Tanshui Avenue	70664	366776723320	Florencia	Colombia	active	1
461	Derek Blakely	118 Jaffna Loop	10447	325526730021	Gingoog	Philippines	active	1
462	Warren Sherrod	1621 Tongliao Avenue	22173	209342540247	Usolje-Sibirskoje	Russian Federation	active	2
463	Darrell Power	1844 Usak Avenue	84461	164414772677	Halifax	Canada	active	2
464	Jerome Kenyon	1872 Toulon Loop	7939	928809465153	Rancagua	Chile	active	1
465	Floyd Gandy	1088 Ibirit Place	88502	49084281333	Zapopan	Mexico	active	1
466	Leo Ebert	1322 Mosul Parkway	95400	268053970382	Dongying	China	active	1
467	Alvin Deloach	1447 Chatsworth Place	41545	769370126331	Cuauhtmoc	Mexico	active	2
468	Tim Cary	1257 Guadalajara Street	33599	195337700615	Bijapur	India	active	1
469	Wesley Bull	1469 Plock Lane	95835	622884741180	Ourense (Orense)	Spain	active	2
470	Gordon Allard	434 Ourense (Orense) Manor	14122	562370137426	Hodeida	Yemen	active	1
471	Dean Sauer	270 Tambaram Parkway	9668	248446668735	Johannesburg	South Africa	active	1
472	Greg Robins	1786 Salinas Place	66546	206060652238	Nam Dinh	Vietnam	active	1
473	Jorge Olivares	1078 Stara Zagora Drive	69221	932992626595	Lhokseumawe	Indonesia	active	2
474	Dustin Gillette	1854 Okara Boulevard	42123	131912793873	Emmen	Netherlands	active	2
475	Pedro Chestnut	421 Yaound Street	11363	726875628268	ostka	Ukraine	active	2
476	Derrick Bourque	1153 Allende Way	20336	856872225376	Gatineau	Canada	active	1
477	Dan Paine	808 Naala-Porto Parkway	41060	553452430707	Stockport	United Kingdom	active	1
478	Lewis Lyman	632 Usolje-Sibirskoje Parkway	73085	667648979883	Ashqelon	Israel	active	1
479	Zachary Hite	98 Pyongyang Boulevard	88749	191958435142	Akron	United States	active	1
480	Corey Hauser	984 Novoterkassk Loop	28165	435118527255	Gaziantep	Turkey	active	1
481	Herman Devore	64 Korla Street	25145	510383179153	Mwanza	Tanzania	active	1
482	Maurice Crawley	1785 So Bernardo do Campo Street	71182	684529463244	Coatzacoalcos	Mexico	active	1
483	Vernon Chapa	698 Jelets Boulevard	2596	975185523021	Denizli	Turkey	active	2
484	Roberto Vu	1297 Alvorada Parkway	11839	508348602835	Yinchuan	China	active	1
485	Clyde Tobias	1909 Dayton Avenue	88513	702955450528	Shaoguan	China	active	1
486	Glen Talbert	1789 Saint-Denis Parkway	8268	936806643983	Acua	Mexico	active	1
487	Hector Poindexter	185 Mannheim Lane	23661	589377568313	Pjatigorsk	Russian Federation	active	2
488	Shane Millard	184 Mandaluyong Street	94239	488425406814	La Paz	Mexico	active	2
489	Ricardo Meador	591 Sungai Petani Drive	46400	37247325001	Okayama	Japan	active	1
490	Sam Mcduffie	656 Matamoros Drive	19489	17305839123	Sogamoso	Colombia	active	1
491	Rick Mattox	775 ostka Drive	22358	171973024401	Mit Ghamr	Egypt	active	2
492	Lester Kraus	1013 Tabuk Boulevard	96203	158399646978	Kanchrapara	India	active	2
493	Brent Harkins	319 Plock Parkway	26101	854259976812	Sultanbeyli	Turkey	active	1
494	Ramon Choate	1954 Kowloon and New Kowloon Way	63667	898559280434	Robamba	Ecuador	active	2
495	Charlie Bess	362 Rajkot Lane	98030	962020153680	Baiyin	China	active	2
496	Tyler Wren	1060 Tandil Lane	72349	211256301880	Rizhao	China	active	2
497	Gilbert Sledge	1515 Korla Way	57197	959467760895	York	United Kingdom	active	2
498	Gene Sanborn	1416 San Juan Bautista Tuxtepec Avenue	50592	144206758053	Salala	Oman	active	1
499	Marc Outlaw	1 Valle de Santiago Avenue	86208	465897838272	Brindisi	Italy	active	2
500	Reginald Kinder	519 Brescia Parkway	69504	793996678771	Madiun	Indonesia	active	1
501	Ruben Geary	414 Mandaluyong Street	16370	52709222667	Lublin	Poland	active	1
502	Brett Cornwell	1197 Sokoto Boulevard	87687	868602816371	Siliguri (Shiliguri)	India	active	1
503	Angel Barclay	496 Celaya Drive	90797	759586584889	Ueda	Japan	active	1
504	Nathaniel Adam	786 Matsue Way	37469	111177206479	Joliet	United States	active	1
505	Rafael Abney	48 Maracabo Place	1570	82671830126	Talavera	Philippines	active	1
506	Leslie Seward	1152 al-Qatif Lane	44816	131370665218	Pontianak	Indonesia	active	2
507	Edgar Rhoads	1269 Ipoh Avenue	54674	402630109080	Eskisehir	Turkey	active	2
508	Milton Howland	758 Korolev Parkway	75474	441628280920	Vijayawada	India	active	2
509	Raul Fortier	1747 Rustenburg Place	51369	442673923363	Chapra	India	active	1
510	Ben Easter	886 Tonghae Place	19450	711928348157	Kamyin	Russian Federation	active	2
511	Chester Benner	1574 Goinia Boulevard	39529	59634255214	Suihua	China	active	1
512	Cecil Vines	548 Uruapan Street	35653	879347453467	London	United Kingdom	active	1
513	Duane Tubbs	962 Tama Loop	65952	282667506728	Yangor	Nauru	active	2
514	Franklin Troutman	1778 Gijn Manor	35156	288910576761	Zaoyang	China	active	2
515	Andre Rapp	568 Dhule (Dhulia) Loop	92568	602101369463	Coquimbo	Chile	active	1
516	Elmer Noe	1768 Udine Loop	32347	448876499197	Battambang	Cambodia	active	2
517	Brad Mccurdy	608 Birgunj Parkway	400	627425618482	Chungho	Taiwan	active	2
518	Gabriel Harder	680 A Corua (La Corua) Manor	49806	158326114853	Sivas	Turkey	active	1
519	Ron Deluca	1949 Sanya Street	61244	132100972047	Isesaki	Japan	active	2
520	Mitchell Westmoreland	617 Klerksdorp Place	94707	574973479129	Nha Trang	Vietnam	active	2
521	Roland South	1993 0 Loop	41214	25865528181	Yingkou	China	active	2
522	Arnold Havens	1176 Southend-on-Sea Manor	81651	236679267178	Santa Rosa	Philippines	active	2
523	Harvey Guajardo	600 Purnea (Purnia) Avenue	18043	638409958875	Vinh	Vietnam	active	1
525	Adrian Clary	1986 Sivas Place	95775	182059202712	Udine	Italy	active	2
526	Karl Seal	1427 Tabuk Place	31342	214756839122	Cape Coral	United States	active	2
527	Cory Meehan	556 Asuncin Way	35364	338244023543	Mogiljov	Belarus	active	1
528	Claude Herzog	486 Ondo Parkway	35202	105882218332	Benguela	Angola	active	1
529	Erik Guillen	635 Brest Manor	40899	80593242951	Bhimavaram	India	active	2
530	Darryl Ashcraft	166 Jinchang Street	86760	717566026669	Ezeiza	Argentina	active	2
531	Jamie Waugh	958 Sagamihara Lane	88408	427274926505	Kuwana	Japan	active	2
532	Neil Renner	1817 Livorno Way	79401	478380208348	Cam Ranh	Vietnam	active	2
533	Jessie Milam	1332 Gaziantep Lane	22813	383353187467	Binzhou	China	active	1
534	Christian Jung	949 Allende Lane	67521	122981120653	Amroha	India	active	1
535	Javier Elrod	195 Ilorin Street	49250	8912935608	NDjamna	Chad	active	1
536	Fernando Churchill	193 Bhusawal Place	9750	745267607502	Tonghae	South Korea	active	2
537	Clinton Buford	43 Vilnius Manor	79814	484500282381	Aurora	United States	active	2
538	Ted Breaux	183 Haiphong Street	69953	488600270038	Baicheng	China	active	2
539	Mathew Bolin	163 Augusta-Richmond County Loop	33030	754579047924	Valencia	Venezuela	active	1
540	Tyrone Asher	191 Jos Azueta Parkway	13629	932156667696	Ruse	Bulgaria	active	1
541	Darren Windham	379 Lublin Parkway	74568	921960450089	Livorno	Italy	active	2
542	Lonnie Tirado	1658 Cuman Loop	51309	784907335610	Pangkal Pinang	Indonesia	active	2
543	Lance Pemberton	454 Qinhuangdao Drive	25866	786270036240	Beni-Mellal	Morocco	active	1
544	Cody Nolen	1715 Okayama Street	55676	169352919175	So Bernardo do Campo	Brazil	active	2
545	Julio Noland	182 Nukualofa Drive	15414	426346224043	Konotop	Ukraine	active	2
546	Kelly Knott	390 Wroclaw Way	5753	357593328658	Sanya	China	active	1
547	Kurt Emmons	1421 Quilmes Lane	19151	135407755975	Kanazawa	Japan	active	1
548	Allan Cornish	947 Trshavn Place	841	50898428626	Tarlac	Philippines	active	1
549	Nelson Christenson	1764 Jalib al-Shuyukh Parkway	77642	84794532510	Santiago de Compostela	Spain	active	1
550	Guy Brownlee	346 Cam Ranh Avenue	39976	978430786151	Zhoushan	China	active	2
551	Clayton Barbee	1407 Pachuca de Soto Place	26284	380077794770	Alvorada	Brazil	active	2
552	Hugh Waldrop	904 Clarksville Drive	52234	955349440539	Haining	China	active	2
553	Max Pitt	1917 Kumbakonam Parkway	11892	698182547686	Novi Sad	Yugoslavia	active	1
554	Dwayne Olvera	1447 Imus Place	12905	62127829280	Rajkot	India	active	1
555	Dwight Lombardi	1497 Fengshan Drive	63022	368738360376	Chatsworth	South Africa	active	1
556	Armando Gruber	869 Shikarpur Way	57380	590764256785	Southport	United Kingdom	active	2
557	Felix Gaffney	1059 Yuncheng Avenue	47498	107092893983	Vilnius	Lithuania	active	1
558	Jimmie Eggleston	505 Madiun Boulevard	97271	970638808606	Wroclaw	Poland	active	1
559	Everett Banda	1741 Hoshiarpur Boulevard	22372	855066328617	Bilbays	Egypt	active	2
560	Jordan Archuleta	1229 Varanasi (Benares) Manor	40195	817740355461	Avellaneda	Argentina	active	1
561	Ian Still	1894 Boa Vista Way	77464	239357986667	Garland	United States	active	2
562	Wallace Slone	1342 Sharja Way	93655	946114054231	Sokoto	Nigeria	active	1
563	Ken Prewitt	1342 Abha Boulevard	10714	997453607116	Bucuresti	Romania	active	2
564	Bob Pfeiffer	415 Pune Avenue	44274	203202500108	Xintai	China	active	2
565	Jaime Nettles	1746 Faaa Way	32515	863080561151	Hunuco	Peru	active	2
566	Casey Mena	539 Hami Way	52196	525518075499	Tokat	Turkey	active	1
567	Alfredo Mcadams	1407 Surakarta Manor	33224	324346485054	Serpuhov	Russian Federation	active	2
568	Alberto Henning	502 Mandi Bahauddin Parkway	15992	618156722572	Barcelona	Venezuela	active	2
569	Dave Gardiner	1052 Pathankot Avenue	77397	128499386727	Leshan	China	active	2
570	Ivan Cromwell	1351 Sousse Lane	37815	203804046132	Monclova	Mexico	active	2
571	Johnnie Chisholm	1501 Pangkal Pinang Avenue	943	770864062795	Plock	Poland	active	2
572	Sidney Burleson	1405 Hagonoy Avenue	86587	867287719310	Czestochowa	Poland	active	1
573	Byron Box	521 San Juan Bautista Tuxtepec Place	95093	844018348565	Zhezqazghan	Kazakstan	active	1
574	Julian Vest	923 Tangail Boulevard	33384	315528269898	Akishima	Japan	active	2
575	Isaac Oglesby	186 Skikda Lane	89422	14465669789	Cuernavaca	Mexico	active	2
576	Morris Mccarter	1568 Celaya Parkway	34750	278669994384	Fengshan	Taiwan	active	2
577	Clifton Malcolm	1489 Kakamigahara Lane	98883	29341849811	Tanshui	Taiwan	active	2
578	Willard Lumpkin	1819 Alessandria Loop	53829	377633994405	Carmen	Mexico	active	2
579	Daryl Larue	1208 Tama Loop	73605	954786054144	Mosul	Iraq	active	2
580	Ross Grey	951 Springs Lane	96115	165164761435	Iligan	Philippines	active	1
581	Virgil Wofford	760 Miyakonojo Drive	64682	294449058179	Jos Azueta	Mexico	active	1
582	Andy Vanhorn	966 Asuncin Way	62703	995527378381	Huejutla de Reyes	Mexico	active	2
583	Marshall Thorn	1584 Ljubertsy Lane	22954	285710089439	Southampton	United Kingdom	active	1
584	Salvador Teel	247 Jining Parkway	53446	170115379190	Banjul	Gambia	active	2
585	Perry Swafford	773 Dallas Manor	12664	914466027044	Quilmes	Argentina	active	1
586	Kirk Stclair	1923 Stara Zagora Lane	95179	182178609211	Tsaotun	Taiwan	active	1
587	Sergio Stanfield	1402 Zanzibar Boulevard	71102	387448063440	Celaya	Mexico	active	1
588	Marion Ocampo	1464 Kursk Parkway	17381	338758048786	Weifang	China	active	1
589	Tracy Herrmann	1074 Sanaa Parkway	22474	154124128457	Loja	Ecuador	active	1
590	Seth Hannon	1759 Niznekamsk Avenue	39414	864392582257	al-Manama	Bahrain	active	2
591	Kent Arsenault	32 Liaocheng Way	1944	410877354933	Juiz de Fora	Brazil	active	1
592	Terrance Roush	42 Fontana Avenue	14684	437829801725	Szkesfehrvr	Hungary	active	1
593	Rene Mcalister	1895 Zhezqazghan Drive	36693	137809746111	Garden Grove	United States	active	2
594	Eduardo Hiatt	1837 Kaduna Parkway	82580	640843562301	Jining	China	active	1
595	Terrence Gunderson	844 Bucuresti Place	36603	935952366111	Jinzhou	China	active	1
596	Enrique Forsythe	1101 Bucuresti Boulevard	97661	199514580428	Patras	Greece	active	1
597	Freddie Duggan	1103 Quilmes Boulevard	52137	644021380889	Sullana	Peru	active	1
598	Wade Delvalle	1331 Usak Boulevard	61960	145308717464	Lausanne	Switzerland	active	1
599	Austin Cintron	1325 Fukuyama Street	27107	288241215394	Tieli	China	active	2
